<?xml version="1.0" encoding="UTF-8"?>
<beans xmlns="http://www.springframework.org/schema/beans"
    xmlns:xsi="http://www.w3.org/2001/XMLSchema-instance"
    xmlns:context="http://www.springframework.org/schema/context"
    xmlns:mvc="http://www.springframework.org/schema/mvc" 
    xsi:schemaLocation="
        http://www.springframework.org/schema/beans http://www.springframework.org/schema/beans/spring-beans.xsd
       http://www.springframework.org/schema/context  http://www.springframework.org/schema/context/spring-context.xsd
        http://www.springframework.org/schema/mvc http://www.springframework.org/schema/mvc/spring-mvc.xsd">
	
	<mvc:annotation-driven>
		<mvc:message-converters>
			<bean class="org.springframework.http.converter.StringHttpMessageConverter"/>
			<bean class="org.springframework.http.converter.json.MappingJackson2HttpMessageConverter"/>
		</mvc:message-converters>
	</mvc:annotation-driven>
	
	<!-- controller location -->
	<context:component-scan base-package="demo.mvc, dao"/> 
	<context:property-placeholder location="classpath:carprops.properties"/>
	<!-- view layer location -->
	<bean id="viewResolver" class="org.springframework.web.servlet.view.InternalResourceViewResolver">
		<property name="prefix" value="/WEB-INF/JSP/"/>
		<property name="suffix" value=".jsp"/>
	</bean>
	
	<bean id="ds" class="org.springframework.jdbc.datasource.DriverManagerDataSource">
 		<property name="driverClassName" value="${driver}"/>
 		<property name="url" value="${url}"/>
 		<property name="username" value="${user}"/>
 		<property name="password" value="${pass}"/>
 	</bean> 
	
	
	<bean id="con" class="org.springframework.jdbc.core.JdbcTemplate">
		<property name="dataSource" ref="ds"/>
	</bean>
	
	<bean id="stuCon" class="dao.StudentDao">
		<property name="jdbc" ref="con"/>
	</bean>
	
	<!-- I18N for reading properties file -->
	<bean id="messageSource" class="org.springframework.context.support.ReloadableResourceBundleMessageSource">
		<property name="basename" value="/WEB-INF/ResourceBundle/greeting"/>
	</bean>
	
	<!-- Locale(lang) Change Interceptor to achieve I18N -->
	<mvc:interceptors>
		<mvc:interceptor>
			<mvc:mapping path="/i18n"/>
			<bean class="org.springframework.web.servlet.i18n.LocaleChangeInterceptor">
				<property name="paramName" value="lang"/>
			</bean>
		</mvc:interceptor>
	</mvc:interceptors>
	
	<!-- Cookie Resolver to accept HTTP Headers -->
	<bean id="localeResolver" class="org.springframework.web.servlet.i18n.CookieLocaleResolver"></bean>
</beans> 